date,sentiment_mean,sentiment_std,positive_ratio,negative_ratio,post_volume
2015-01-08,0.0,0.0,0.0,0.0,6
2015-01-10,0.0,0.0,0.0,0.0,5
2015-01-11,0.0,0.0,0.0,0.0,4
2015-01-12,-0.1111111111111111,0.33333333333333337,0.0,0.1111111111111111,9
2015-01-13,0.0,0.7071067811865476,0.2,0.2,5
2015-01-14,0.0,0.0,0.0,0.0,3
2015-01-15,0.0,0.0,0.0,0.0,5
2015-01-16,0.0,0.0,0.0,0.0,4
2015-01-17,0.0,0.0,0.0,0.0,1
2015-01-18,0.0,0.0,0.0,0.0,8
2015-01-19,0.0,0.0,0.0,0.0,1
2015-01-20,0.0,0.0,0.0,0.0,6
2015-01-21,0.0,0.0,0.0,0.0,4
2015-01-22,0.0,0.0,0.0,0.0,4
2015-01-23,-0.3333333333333333,0.5163977794943223,0.0,0.3333333333333333,6
2015-01-25,0.0,0.0,0.0,0.0,5
2015-01-26,0.0,0.0,0.0,0.0,3
2015-01-27,0.0,0.0,0.0,0.0,2
2015-01-28,-0.2,0.447213595499958,0.0,0.2,5
2015-01-29,0.125,0.6408699444616557,0.25,0.125,8
2015-01-30,0.0,0.0,0.0,0.0,3
2015-01-31,0.0,0.0,0.0,0.0,3
2015-02-09,0.3333333333333333,0.5773502691896258,0.3333333333333333,0.0,3
2015-02-10,0.0,0.5345224838248488,0.125,0.125,8
2015-02-11,0.14285714285714285,0.37796447300922725,0.14285714285714285,0.0,7
2015-02-12,0.0,0.0,0.0,0.0,4
2015-02-13,0.0,0.0,0.0,0.0,4
2015-02-14,0.0,0.0,0.0,0.0,4
2015-02-15,0.0,0.0,0.0,0.0,3
2015-02-16,0.14285714285714285,0.37796447300922725,0.14285714285714285,0.0,7
2015-02-17,0.0,0.5345224838248488,0.125,0.125,8
2015-02-18,0.2,0.447213595499958,0.2,0.0,5
2015-02-19,0.16666666666666666,0.408248290463863,0.16666666666666666,0.0,6
2015-02-20,0.0,0.0,0.0,0.0,5
2015-02-21,-0.3333333333333333,0.5773502691896258,0.0,0.3333333333333333,3
2015-02-22,0.0,0.0,0.0,0.0,1
2015-02-23,0.0,0.0,0.0,0.0,3
2015-02-24,0.0,0.0,0.0,0.0,12
2015-02-25,0.0,0.0,0.0,0.0,5
2015-02-26,0.0,0.0,0.0,0.0,6
2015-02-27,0.5,0.7071067811865476,0.5,0.0,2
2015-02-28,-0.25,0.5,0.0,0.25,4
2015-03-10,0.0,0.0,0.0,0.0,3
2015-03-11,0.0,0.0,0.0,0.0,6
2015-03-12,0.0,0.0,0.0,0.0,8
2015-03-13,0.0,0.0,0.0,0.0,8
2015-03-14,-0.5,0.7071067811865476,0.0,0.5,2
2015-03-16,0.0,0.0,0.0,0.0,8
2015-03-17,0.0,0.0,0.0,0.0,6
2015-03-18,-0.2,0.447213595499958,0.0,0.2,5
2015-03-19,-0.1111111111111111,0.33333333333333337,0.0,0.1111111111111111,9
2015-03-20,0.0,0.0,0.0,0.0,4
2015-03-22,0.0,0.0,0.0,0.0,1
2015-03-23,0.0,0.0,0.0,0.0,3
2015-03-24,-0.25,0.5,0.0,0.25,4
2015-03-25,0.0,0.0,0.0,0.0,5
2015-03-26,0.0,0.0,0.0,0.0,3
2015-03-28,-0.25,0.5,0.0,0.25,4
2015-03-29,-0.2,0.4472135954999579,0.0,0.2,5
2015-03-30,-0.125,0.3535533905932738,0.0,0.125,8
2015-03-31,-0.125,0.3535533905932738,0.0,0.125,8
2015-04-07,0.0,0.0,0.0,0.0,2
2015-04-08,0.0,0.0,0.0,0.0,1
2015-04-09,0.0,0.0,0.0,0.0,2
2015-04-10,0.0,0.0,0.0,0.0,6
2015-04-11,-1.0,0.0,0.0,1.0,1
2015-04-12,0.0,0.816496580927726,0.25,0.25,4
2015-04-13,0.0,0.0,0.0,0.0,4
2015-04-14,0.125,0.3535533905932738,0.125,0.0,8
2015-04-15,0.0,0.0,0.0,0.0,6
2015-04-16,0.0,0.0,0.0,0.0,6
2015-04-17,0.0,0.0,0.0,0.0,2
2015-04-18,-0.3333333333333333,0.5773502691896258,0.0,0.3333333333333333,3
2015-04-19,0.0,0.0,0.0,0.0,4
2015-04-20,0.0,0.0,0.0,0.0,2
2015-04-21,-0.16666666666666666,0.408248290463863,0.0,0.16666666666666666,6
2015-04-22,-0.1,0.31622776601683794,0.0,0.1,10
2015-04-23,0.0,0.0,0.0,0.0,3
2015-04-24,0.0,0.0,0.0,0.0,5
2015-04-25,0.0,0.0,0.0,0.0,2
2015-04-26,0.0,0.0,0.0,0.0,1
2015-04-27,0.0,0.0,0.0,0.0,6
2015-04-28,0.0,0.6324555320336759,0.16666666666666666,0.16666666666666666,6
2015-04-29,0.0,0.0,0.0,0.0,6
2015-04-30,0.0,0.0,0.0,0.0,4
2015-05-12,0.0,0.0,0.0,0.0,8
2015-05-13,0.0,0.0,0.0,0.0,3
2015-05-14,0.0,0.0,0.0,0.0,4
2015-05-15,-0.16666666666666666,0.408248290463863,0.0,0.16666666666666666,6
2015-05-16,0.0,0.0,0.0,0.0,4
2015-05-17,-0.2,0.4472135954999579,0.0,0.2,5
2015-05-18,0.0,0.0,0.0,0.0,6
2015-05-19,0.0,0.0,0.0,0.0,8
2015-05-20,0.0,0.0,0.0,0.0,5
2015-05-21,0.0,0.0,0.0,0.0,5
2015-05-22,0.0,0.0,0.0,0.0,3
2015-05-23,0.0,0.0,0.0,0.0,1
2015-05-24,0.0,0.6324555320336759,0.16666666666666666,0.16666666666666666,6
2015-05-25,-0.5,0.7071067811865476,0.0,0.5,2
2015-05-26,0.125,0.3535533905932738,0.125,0.0,8
2015-05-27,0.0,0.0,0.0,0.0,5
2015-05-28,0.0,0.0,0.0,0.0,5
2015-05-29,0.25,0.4629100498862757,0.25,0.0,8
2015-05-30,0.0,0.0,0.0,0.0,2
2015-05-31,-0.3333333333333333,0.5163977794943222,0.0,0.3333333333333333,6
2015-06-15,-0.16666666666666666,0.408248290463863,0.0,0.16666666666666666,6
2015-06-16,-0.1,0.31622776601683794,0.0,0.1,10
2015-06-17,-0.3333333333333333,0.5773502691896258,0.0,0.3333333333333333,3
2015-06-18,-0.18181818181818182,0.40451991747794525,0.0,0.18181818181818182,11
2015-06-19,0.0,0.0,0.0,0.0,1
2015-06-20,0.0,0.0,0.0,0.0,3
2015-06-21,0.0,0.0,0.0,0.0,2
2015-06-22,0.0,0.4264014327112209,0.08333333333333333,0.08333333333333333,12
2015-06-23,0.0,0.0,0.0,0.0,5
2015-06-24,-0.16666666666666666,0.408248290463863,0.0,0.16666666666666666,6
2015-06-25,0.0,0.0,0.0,0.0,5
2015-06-26,0.0,0.0,0.0,0.0,7
2015-06-27,0.0,0.0,0.0,0.0,2
2015-06-28,0.0,0.0,0.0,0.0,5
2015-06-29,0.0,0.0,0.0,0.0,13
2015-06-30,-0.1111111111111111,0.33333333333333337,0.0,0.1111111111111111,9
2015-07-17,0.0,0.0,0.0,0.0,6
2015-07-18,0.0,0.0,0.0,0.0,2
2015-07-19,-0.1111111111111111,0.33333333333333337,0.0,0.1111111111111111,9
2015-07-20,0.0,0.4714045207910317,0.1,0.1,10
2015-07-21,-0.08333333333333333,0.2886751345948129,0.0,0.08333333333333333,12
2015-07-22,0.0,0.0,0.0,0.0,8
2015-07-23,-0.2727272727272727,0.4670993664969138,0.0,0.2727272727272727,11
2015-07-24,0.0,0.7071067811865476,0.2,0.2,5
2015-07-25,0.0,0.0,0.0,0.0,3
2015-07-26,0.0,0.0,0.0,0.0,6
2015-07-27,0.0,0.5773502691896257,0.14285714285714285,0.14285714285714285,7
2015-07-28,-0.75,0.5,0.0,0.75,4
2015-07-29,-0.3333333333333333,0.5163977794943222,0.0,0.3333333333333333,6
2015-07-30,0.0,0.0,0.0,0.0,6
2015-07-31,-0.2,0.447213595499958,0.0,0.2,5
2015-08-19,0.0,0.816496580927726,0.25,0.25,4
2015-08-20,-0.38461538461538464,0.5063696835418333,0.0,0.38461538461538464,13
2015-08-21,-0.25,0.4629100498862757,0.0,0.25,8
2015-08-22,0.0,0.0,0.0,0.0,4
2015-08-23,0.0,0.0,0.0,0.0,7
2015-08-24,-0.125,0.3415650255319866,0.0,0.125,16
2015-08-25,0.1111111111111111,0.33333333333333337,0.1111111111111111,0.0,9
2015-08-26,-0.375,0.5175491695067657,0.0,0.375,8
2015-08-27,-0.25,0.5,0.0,0.25,4
2015-08-28,0.0,0.0,0.0,0.0,6
2015-08-29,-0.14285714285714285,0.37796447300922725,0.0,0.14285714285714285,7
2015-08-30,-0.125,0.3535533905932738,0.0,0.125,8
2015-08-31,-0.16666666666666666,0.408248290463863,0.0,0.16666666666666666,6
2015-09-17,0.14285714285714285,0.37796447300922725,0.14285714285714285,0.0,7
2015-09-18,0.0,0.0,0.0,0.0,9
2015-09-19,-0.2,0.447213595499958,0.0,0.2,5
2015-09-20,-0.125,0.3535533905932738,0.0,0.125,8
2015-09-21,-0.2,0.447213595499958,0.0,0.2,5
2015-09-22,-0.14285714285714285,0.37796447300922725,0.0,0.14285714285714285,7
2015-09-23,-0.16666666666666666,0.408248290463863,0.0,0.16666666666666666,6
2015-09-24,0.0,0.5773502691896257,0.14285714285714285,0.14285714285714285,7
2015-09-25,-0.1111111111111111,0.3333333333333333,0.0,0.1111111111111111,9
2015-09-26,0.0,0.0,0.0,0.0,7
2015-09-27,0.0,0.0,0.0,0.0,5
2015-09-28,-0.25,0.4629100498862757,0.0,0.25,8
2015-09-29,-0.125,0.3535533905932738,0.0,0.125,8
2015-09-30,0.0,0.0,0.0,0.0,9
2015-10-17,-0.2,0.4472135954999579,0.0,0.2,5
2015-10-18,-0.16666666666666666,0.408248290463863,0.0,0.16666666666666666,6
2015-10-19,-0.2,0.4472135954999579,0.0,0.2,5
2015-10-20,0.0,0.0,0.0,0.0,9
2015-10-21,-0.25,0.5,0.0,0.25,4
2015-10-22,-0.15384615384615385,0.3755338080994054,0.0,0.15384615384615385,13
2015-10-23,0.25,0.5,0.25,0.0,4
2015-10-24,0.6666666666666666,0.5773502691896258,0.6666666666666666,0.0,3
2015-10-25,0.0,0.0,0.0,0.0,5
2015-10-26,-0.2857142857142857,0.48795003647426666,0.0,0.2857142857142857,7
2015-10-27,-0.25,0.5,0.0,0.25,4
2015-10-28,0.09090909090909091,0.30151134457776363,0.09090909090909091,0.0,11
2015-10-29,-0.14285714285714285,0.3631365196012814,0.0,0.14285714285714285,14
2015-10-30,0.0,0.0,0.0,0.0,5
2015-10-31,0.0,0.0,0.0,0.0,5
2015-11-10,0.0,0.0,0.0,0.0,3
2015-11-11,0.0,0.0,0.0,0.0,7
2015-11-12,0.0,0.0,0.0,0.0,4
2015-11-13,-1.0,0.0,0.0,1.0,1
2015-11-14,0.0,0.0,0.0,0.0,2
2015-11-15,0.0,0.0,0.0,0.0,1
2015-11-16,-0.2,0.4472135954999579,0.0,0.2,5
2015-11-17,-0.2,0.447213595499958,0.0,0.2,5
2015-11-18,-0.2,0.4472135954999579,0.0,0.2,5
2015-11-19,0.1,0.31622776601683794,0.1,0.0,10
2015-11-20,-0.14285714285714285,0.37796447300922725,0.0,0.14285714285714285,7
2015-11-21,0.0,0.0,0.0,0.0,2
2015-11-22,0.0,0.0,0.0,0.0,3
2015-11-23,0.0,0.6324555320336759,0.16666666666666666,0.16666666666666666,6
2015-11-24,0.0,0.0,0.0,0.0,5
2015-11-25,0.0,0.0,0.0,0.0,5
2015-11-26,0.16666666666666666,0.408248290463863,0.16666666666666666,0.0,6
2015-11-27,0.0,0.0,0.0,0.0,4
2015-11-28,-0.5,0.5773502691896257,0.0,0.5,4
2015-11-29,0.0,0.0,0.0,0.0,4
2015-11-30,-0.09090909090909091,0.30151134457776363,0.0,0.09090909090909091,11
2015-12-12,0.0,0.0,0.0,0.0,1
2015-12-13,0.0,0.0,0.0,0.0,10
2015-12-14,0.0,0.0,0.0,0.0,8
2015-12-15,0.0,0.0,0.0,0.0,3
2015-12-16,0.0,0.4472135954999579,0.09090909090909091,0.09090909090909091,11
2015-12-17,0.0,0.0,0.0,0.0,4
2015-12-18,-0.25,0.4629100498862757,0.0,0.25,8
2015-12-19,0.0,0.0,0.0,0.0,3
2015-12-20,0.0,0.0,0.0,0.0,4
2015-12-21,-0.1111111111111111,0.33333333333333337,0.0,0.1111111111111111,9
2015-12-22,0.0,0.0,0.0,0.0,7
2015-12-23,0.0,0.0,0.0,0.0,5
2015-12-25,0.0,0.0,0.0,0.0,2
2015-12-26,0.0,0.0,0.0,0.0,2
2015-12-27,0.0,0.0,0.0,0.0,1
2015-12-28,0.0,0.0,0.0,0.0,7
2015-12-29,0.0,0.0,0.0,0.0,7
2015-12-30,0.0,0.0,0.0,0.0,4
2015-12-31,0.0,0.0,0.0,0.0,4
2016-01-15,0.0,0.0,0.0,0.0,1
2016-01-16,0.0,0.0,0.0,0.0,3
2016-01-17,-0.2222222222222222,0.4409585518440985,0.0,0.2222222222222222,9
2016-01-18,0.0,0.0,0.0,0.0,6
2016-01-19,0.0,0.0,0.0,0.0,9
2016-01-20,0.0,0.0,0.0,0.0,8
2016-01-21,0.0,0.0,0.0,0.0,7
2016-01-22,0.0,0.0,0.0,0.0,8
2016-01-23,0.0,0.0,0.0,0.0,3
2016-01-24,0.0,0.0,0.0,0.0,6
2016-01-25,0.0,0.0,0.0,0.0,2
2016-01-26,0.0,0.0,0.0,0.0,5
2016-01-27,-0.1111111111111111,0.33333333333333337,0.0,0.1111111111111111,9
2016-01-28,0.0,0.0,0.0,0.0,9
2016-01-29,0.0,0.0,0.0,0.0,6
2016-01-30,0.0,0.0,0.0,0.0,3
2016-01-31,-0.16666666666666666,0.408248290463863,0.0,0.16666666666666666,6
2016-02-17,0.0,0.0,0.0,0.0,2
2016-02-18,-0.16666666666666666,0.408248290463863,0.0,0.16666666666666666,6
2016-02-19,-0.16666666666666666,0.408248290463863,0.0,0.16666666666666666,6
2016-02-20,-0.25,0.5,0.0,0.25,4
2016-02-21,0.0,0.0,0.0,0.0,8
2016-02-22,0.0,0.0,0.0,0.0,7
2016-02-23,0.0,0.5345224838248488,0.125,0.125,8
2016-02-24,-0.2222222222222222,0.4409585518440985,0.0,0.2222222222222222,9
2016-02-25,-0.3333333333333333,0.5,0.0,0.3333333333333333,9
2016-02-26,0.0,0.0,0.0,0.0,3
2016-02-27,0.1111111111111111,0.33333333333333337,0.1111111111111111,0.0,9
2016-02-28,-0.058823529411764705,0.242535625036333,0.0,0.058823529411764705,17
2016-02-29,-0.16666666666666666,0.3892494720807615,0.0,0.16666666666666666,12
2016-03-15,-0.3333333333333333,0.5773502691896258,0.0,0.3333333333333333,3
2016-03-16,-0.1111111111111111,0.33333333333333337,0.0,0.1111111111111111,9
2016-03-17,-0.125,0.3535533905932738,0.0,0.125,8
2016-03-18,0.16666666666666666,0.408248290463863,0.16666666666666666,0.0,6
2016-03-19,0.0,0.0,0.0,0.0,1
2016-03-20,-0.14285714285714285,0.37796447300922725,0.0,0.14285714285714285,7
2016-03-21,-0.3333333333333333,0.5773502691896258,0.0,0.3333333333333333,3
2016-03-22,-0.15384615384615385,0.6887372317211945,0.15384615384615385,0.3076923076923077,13
2016-03-23,0.0,0.0,0.0,0.0,4
2016-03-24,-0.2,0.4472135954999579,0.0,0.2,5
2016-03-25,0.0,0.0,0.0,0.0,3
2016-03-26,-0.3333333333333333,0.5773502691896258,0.0,0.3333333333333333,3
2016-03-27,0.0,0.0,0.0,0.0,4
2016-03-28,-0.3333333333333333,0.5163977794943223,0.0,0.3333333333333333,6
2016-03-29,-0.4,0.5477225575051661,0.0,0.4,5
2016-03-30,-0.25,0.4522670168666455,0.0,0.25,12
2016-03-31,-0.125,0.6408699444616557,0.125,0.25,8
2016-04-14,-1.0,0.0,0.0,1.0,1
2016-04-15,0.0,0.0,0.0,0.0,3
2016-04-16,0.5,0.7071067811865476,0.5,0.0,2
2016-04-17,0.0,0.0,0.0,0.0,2
2016-04-18,-0.4,0.5477225575051661,0.0,0.4,5
2016-04-19,-0.18181818181818182,0.4045199174779453,0.0,0.18181818181818182,11
2016-04-20,-0.2,0.42163702135578396,0.0,0.2,10
2016-04-21,-0.25,0.5,0.0,0.25,4
2016-04-22,-0.14285714285714285,0.37796447300922725,0.0,0.14285714285714285,7
2016-04-23,-0.5,0.5477225575051661,0.0,0.5,6
2016-04-24,-0.2,0.447213595499958,0.0,0.2,5
2016-04-25,0.2,0.447213595499958,0.2,0.0,5
2016-04-26,0.0,0.0,0.0,0.0,8
2016-04-27,-0.36363636363636365,0.504524979109513,0.0,0.36363636363636365,11
2016-04-28,0.0,0.4714045207910317,0.1,0.1,10
2016-04-29,-0.16666666666666666,0.408248290463863,0.0,0.16666666666666666,6
2016-04-30,0.0,0.0,0.0,0.0,4
2016-05-18,0.0,0.0,0.0,0.0,2
2016-05-20,-0.3333333333333333,0.5163977794943222,0.0,0.3333333333333333,6
2016-05-21,-0.6666666666666666,0.5773502691896258,0.0,0.6666666666666666,3
2016-05-22,0.0,0.0,0.0,0.0,6
2016-05-23,-0.125,0.3535533905932738,0.0,0.125,8
2016-05-24,-0.06666666666666667,0.2581988897471611,0.0,0.06666666666666667,15
2016-05-25,-0.2,0.560611910581388,0.06666666666666667,0.26666666666666666,15
2016-05-26,0.0,0.0,0.0,0.0,11
2016-05-27,0.0,0.0,0.0,0.0,6
2016-05-28,0.0,0.0,0.0,0.0,6
2016-05-29,0.0,0.0,0.0,0.0,6
2016-05-30,-0.125,0.3535533905932738,0.0,0.125,8
2016-05-31,0.0,0.0,0.0,0.0,8
2016-06-15,0.0,0.0,0.0,0.0,2
2016-06-16,-0.25,0.5,0.0,0.25,4
2016-06-17,-0.2222222222222222,0.44095855184409843,0.0,0.2222222222222222,9
2016-06-18,0.0,0.0,0.0,0.0,3
2016-06-19,-0.3333333333333333,0.5773502691896258,0.0,0.3333333333333333,3
2016-06-20,0.0,0.0,0.0,0.0,8
2016-06-21,0.0,0.6324555320336759,0.16666666666666666,0.16666666666666666,6
2016-06-22,0.0,0.0,0.0,0.0,5
2016-06-23,0.0,0.0,0.0,0.0,3
2016-06-24,-0.15384615384615385,0.3755338080994054,0.0,0.15384615384615385,13
2016-06-25,-0.2,0.447213595499958,0.0,0.2,5
2016-06-26,0.0,0.0,0.0,0.0,5
2016-06-27,-0.1111111111111111,0.6009252125773314,0.1111111111111111,0.2222222222222222,9
2016-06-28,-0.125,0.3535533905932738,0.0,0.125,8
2016-06-29,-0.25,0.4629100498862757,0.0,0.25,8
2016-06-30,0.0,0.0,0.0,0.0,9
2016-07-18,-0.25,0.5,0.0,0.25,4
2016-07-19,0.0,0.5345224838248488,0.125,0.125,8
2016-07-20,0.0,0.5345224838248488,0.125,0.125,8
2016-07-21,0.0,0.0,0.0,0.0,6
2016-07-22,0.0,0.0,0.0,0.0,7
2016-07-23,-0.2857142857142857,0.48795003647426666,0.0,0.2857142857142857,7
2016-07-24,-0.14285714285714285,0.37796447300922725,0.0,0.14285714285714285,7
2016-07-25,-0.08333333333333333,0.28867513459481287,0.0,0.08333333333333333,12
2016-07-26,-0.07692307692307693,0.6405126152203485,0.15384615384615385,0.23076923076923078,13
2016-07-27,0.18181818181818182,0.40451991747794525,0.18181818181818182,0.0,11
2016-07-28,-0.3333333333333333,0.5773502691896258,0.0,0.3333333333333333,3
2016-07-29,-0.25,0.5,0.0,0.25,4
2016-07-30,0.0,0.0,0.0,0.0,3
2016-07-31,-0.2857142857142857,0.4879500364742666,0.0,0.2857142857142857,7
2016-08-19,0.0,0.0,0.0,0.0,1
2016-08-20,-0.1111111111111111,0.3333333333333333,0.0,0.1111111111111111,9
2016-08-21,-0.125,0.3535533905932738,0.0,0.125,8
2016-08-22,0.0,0.0,0.0,0.0,8
2016-08-23,0.0,0.0,0.0,0.0,10
2016-08-24,-0.4,0.5163977794943222,0.0,0.4,10
2016-08-25,0.0,0.0,0.0,0.0,12
2016-08-26,-0.14285714285714285,0.37796447300922725,0.0,0.14285714285714285,7
2016-08-27,-0.3333333333333333,0.5773502691896258,0.0,0.3333333333333333,3
2016-08-28,0.0,0.0,0.0,0.0,6
2016-08-29,-0.09090909090909091,0.30151134457776363,0.0,0.09090909090909091,11
2016-08-30,-0.09090909090909091,0.5393598899705937,0.09090909090909091,0.18181818181818182,11
2016-08-31,0.0,0.816496580927726,0.25,0.25,4
2016-09-18,0.0,0.0,0.0,0.0,4
2016-09-19,-0.1,0.5676462121975466,0.1,0.2,10
2016-09-20,-0.2,0.5606119105813882,0.06666666666666667,0.26666666666666666,15
2016-09-21,0.0,0.0,0.0,0.0,5
2016-09-22,0.1,0.31622776601683794,0.1,0.0,10
2016-09-23,0.0,0.7071067811865476,0.2,0.2,5
2016-09-24,0.0,0.0,0.0,0.0,5
2016-09-25,0.0,0.0,0.0,0.0,7
2016-09-26,0.125,0.3535533905932738,0.125,0.0,8
2016-09-27,-0.16666666666666666,0.408248290463863,0.0,0.16666666666666666,6
2016-09-28,-0.18181818181818182,0.40451991747794525,0.0,0.18181818181818182,11
2016-09-29,0.0,0.0,0.0,0.0,7
2016-09-30,0.0,0.0,0.0,0.0,7
2016-10-18,0.0,0.0,0.0,0.0,4
2016-10-19,0.1111111111111111,0.3333333333333333,0.1111111111111111,0.0,9
2016-10-20,-0.13333333333333333,0.35186577527449836,0.0,0.13333333333333333,15
2016-10-21,0.0,0.0,0.0,0.0,4
2016-10-22,-0.3333333333333333,0.5773502691896258,0.0,0.3333333333333333,3
2016-10-23,0.0,0.0,0.0,0.0,5
2016-10-24,-0.18181818181818182,0.6030226891555271,0.09090909090909091,0.2727272727272727,11
2016-10-25,0.0,0.0,0.0,0.0,7
2016-10-26,-0.2,0.447213595499958,0.0,0.2,5
2016-10-27,-0.18181818181818182,0.4045199174779453,0.0,0.18181818181818182,11
2016-10-28,-0.4,0.5477225575051661,0.0,0.4,5
2016-10-29,-0.16666666666666666,0.408248290463863,0.0,0.16666666666666666,6
2016-10-30,0.0,0.0,0.0,0.0,3
2016-10-31,0.0,0.4264014327112209,0.08333333333333333,0.08333333333333333,12
2016-11-15,0.0,0.0,0.0,0.0,2
2016-11-16,-0.1111111111111111,0.3333333333333333,0.0,0.1111111111111111,9
2016-11-17,-0.25,0.5,0.0,0.25,4
2016-11-19,-0.6666666666666666,0.5773502691896258,0.0,0.6666666666666666,3
2016-11-20,-0.2,0.447213595499958,0.0,0.2,5
2016-11-21,0.0,0.0,0.0,0.0,5
2016-11-22,0.0,0.0,0.0,0.0,5
2016-11-23,0.1111111111111111,0.33333333333333337,0.1111111111111111,0.0,9
2016-11-24,-0.07692307692307693,0.2773500981126146,0.0,0.07692307692307693,13
2016-11-25,-0.25,0.5,0.0,0.25,4
2016-11-26,0.0,0.0,0.0,0.0,3
2016-11-27,-0.25,0.5,0.0,0.25,4
2016-11-28,0.06666666666666667,0.2581988897471611,0.06666666666666667,0.0,15
2016-11-29,0.0,0.0,0.0,0.0,6
2016-11-30,-0.15384615384615385,0.3755338080994054,0.0,0.15384615384615385,13
2016-12-12,0.0,0.0,0.0,0.0,1
2016-12-13,-0.2857142857142857,0.4879500364742666,0.0,0.2857142857142857,7
2016-12-14,-0.14285714285714285,0.37796447300922725,0.0,0.14285714285714285,7
2016-12-15,0.0,0.0,0.0,0.0,10
2016-12-16,-0.14285714285714285,0.37796447300922725,0.0,0.14285714285714285,7
2016-12-17,0.0,0.0,0.0,0.0,3
2016-12-18,0.0,0.0,0.0,0.0,4
2016-12-19,-0.16666666666666666,0.408248290463863,0.0,0.16666666666666666,6
2016-12-20,-0.16666666666666666,0.408248290463863,0.0,0.16666666666666666,6
2016-12-21,-0.09090909090909091,0.30151134457776363,0.0,0.09090909090909091,11
2016-12-22,0.0,0.0,0.0,0.0,1
2016-12-23,0.3333333333333333,0.5163977794943223,0.3333333333333333,0.0,6
2016-12-24,0.0,0.0,0.0,0.0,3
2016-12-25,0.0,0.0,0.0,0.0,2
2016-12-26,0.0,0.0,0.0,0.0,3
2016-12-27,-0.3333333333333333,0.5773502691896258,0.0,0.3333333333333333,3
2016-12-28,0.0,0.0,0.0,0.0,5
2016-12-29,0.0,0.0,0.0,0.0,7
2016-12-30,0.0,0.0,0.0,0.0,4
2016-12-31,0.25,0.5,0.25,0.0,4
2017-01-21,-0.125,0.3535533905932738,0.0,0.125,8
2017-01-22,0.0,0.0,0.0,0.0,7
2017-01-23,-0.2,0.4216370213557839,0.0,0.2,10
2017-01-24,0.0,0.0,0.0,0.0,14
2017-01-25,-0.125,0.3535533905932738,0.0,0.125,8
2017-01-26,-0.16666666666666666,0.408248290463863,0.0,0.16666666666666666,6
2017-01-27,0.0,0.0,0.0,0.0,6
2017-01-28,0.0,0.0,0.0,0.0,5
2017-01-29,0.0,0.0,0.0,0.0,11
2017-01-30,0.0,0.4472135954999579,0.09090909090909091,0.09090909090909091,11
2017-01-31,0.0,0.0,0.0,0.0,14
2017-02-19,-0.5,0.5345224838248488,0.0,0.5,8
2017-02-20,-0.07142857142857142,0.2672612419124244,0.0,0.07142857142857142,14
2017-02-21,-0.2857142857142857,0.4879500364742666,0.0,0.2857142857142857,7
2017-02-22,-0.125,0.6408699444616557,0.125,0.25,8
2017-02-23,-0.18181818181818182,0.40451991747794525,0.0,0.18181818181818182,11
2017-02-24,-0.1,0.31622776601683794,0.0,0.1,10
2017-02-25,-0.1,0.31622776601683794,0.0,0.1,10
2017-02-26,-0.1,0.31622776601683794,0.0,0.1,10
2017-02-27,-0.1,0.31622776601683794,0.0,0.1,10
2017-02-28,0.0,0.0,0.0,0.0,12
2017-03-22,-0.1111111111111111,0.3333333333333333,0.0,0.1111111111111111,9
2017-03-23,0.1,0.31622776601683794,0.1,0.0,10
2017-03-24,0.0,0.5773502691896257,0.15384615384615385,0.15384615384615385,13
2017-03-25,0.14285714285714285,0.37796447300922725,0.14285714285714285,0.0,7
2017-03-26,0.0,0.0,0.0,0.0,12
2017-03-27,0.0,0.0,0.0,0.0,8
2017-03-28,-0.058823529411764705,0.242535625036333,0.0,0.058823529411764705,17
2017-03-29,-0.1111111111111111,0.33333333333333337,0.0,0.1111111111111111,9
2017-03-30,0.09090909090909091,0.5393598899705937,0.18181818181818182,0.09090909090909091,11
2017-03-31,0.0,0.0,0.0,0.0,4
2017-04-21,-0.3333333333333333,0.5773502691896258,0.0,0.3333333333333333,3
2017-04-22,-0.06666666666666667,0.2581988897471611,0.0,0.06666666666666667,15
2017-04-23,-0.16666666666666666,0.408248290463863,0.0,0.16666666666666666,6
2017-04-24,-0.16666666666666666,0.5144957554275266,0.05555555555555555,0.2222222222222222,18
2017-04-25,-0.14285714285714285,0.37796447300922725,0.0,0.14285714285714285,7
2017-04-26,-0.08333333333333333,0.2886751345948129,0.0,0.08333333333333333,12
2017-04-27,-0.2222222222222222,0.44095855184409843,0.0,0.2222222222222222,9
2017-04-28,-0.3076923076923077,0.4803844614152614,0.0,0.3076923076923077,13
2017-04-29,0.125,0.3535533905932738,0.125,0.0,8
2017-04-30,0.0,0.0,0.0,0.0,9
2017-05-23,-0.2727272727272727,0.6466697906828632,0.09090909090909091,0.36363636363636365,11
2017-05-24,-0.15384615384615385,0.37553380809940534,0.0,0.15384615384615385,13
2017-05-25,-0.5,0.5345224838248488,0.0,0.5,8
2017-05-26,-0.09090909090909091,0.30151134457776363,0.0,0.09090909090909091,11
2017-05-27,-0.5,0.5773502691896257,0.0,0.5,4
2017-05-28,0.0,0.0,0.0,0.0,10
2017-05-29,-0.38461538461538464,0.5063696835418333,0.0,0.38461538461538464,13
2017-05-30,-0.2857142857142857,0.46880723093849547,0.0,0.2857142857142857,14
2017-05-31,-0.1875,0.4031128874149275,0.0,0.1875,16
2017-06-21,-0.125,0.3535533905932738,0.0,0.125,8
2017-06-22,0.0,0.0,0.0,0.0,10
2017-06-23,0.0,0.6324555320336759,0.18181818181818182,0.18181818181818182,11
2017-06-24,-0.1111111111111111,0.33333333333333337,0.0,0.1111111111111111,9
2017-06-25,0.0,0.0,0.0,0.0,4
2017-06-26,0.0,0.0,0.0,0.0,8
2017-06-27,-0.3,0.48304589153964794,0.0,0.3,10
2017-06-28,0.0,0.0,0.0,0.0,17
2017-06-29,0.0,0.0,0.0,0.0,12
2017-06-30,-0.09090909090909091,0.30151134457776363,0.0,0.09090909090909091,11
2017-07-23,0.0,0.0,0.0,0.0,3
2017-07-24,-0.17647058823529413,0.3929526239966879,0.0,0.17647058823529413,17
2017-07-25,0.25,0.5,0.25,0.0,4
2017-07-26,-0.07692307692307693,0.2773500981126145,0.0,0.07692307692307693,13
2017-07-27,0.0,0.0,0.0,0.0,17
2017-07-28,-0.15384615384615385,0.3755338080994054,0.0,0.15384615384615385,13
2017-07-29,0.125,0.3535533905932738,0.125,0.0,8
2017-07-30,-0.07142857142857142,0.26726124191242434,0.0,0.07142857142857142,14
2017-07-31,0.0,0.4472135954999579,0.09090909090909091,0.09090909090909091,11
2017-08-21,-0.2727272727272727,0.4670993664969138,0.0,0.2727272727272727,11
2017-08-22,-0.1111111111111111,0.33333333333333337,0.0,0.1111111111111111,9
2017-08-23,-0.3333333333333333,0.5,0.0,0.3333333333333333,9
2017-08-24,-0.08333333333333333,0.28867513459481287,0.0,0.08333333333333333,12
2017-08-25,0.0,0.0,0.0,0.0,8
2017-08-26,0.2,0.4472135954999579,0.2,0.0,5
2017-08-27,-0.125,0.6408699444616557,0.125,0.25,8
2017-08-28,-0.08333333333333333,0.2886751345948129,0.0,0.08333333333333333,12
2017-08-29,0.0,0.0,0.0,0.0,6
2017-08-30,0.0,0.0,0.0,0.0,8
2017-08-31,0.08333333333333333,0.2886751345948129,0.08333333333333333,0.0,12
2017-09-18,0.0,0.0,0.0,0.0,2
2017-09-19,0.0,0.0,0.0,0.0,7
2017-09-20,0.0,0.0,0.0,0.0,4
2017-09-21,-0.2222222222222222,0.4409585518440985,0.0,0.2222222222222222,9
2017-09-22,0.0,0.0,0.0,0.0,8
2017-09-23,-0.1,0.31622776601683794,0.0,0.1,10
2017-09-24,-0.16666666666666666,0.752772652709081,0.16666666666666666,0.3333333333333333,6
2017-09-25,0.0,0.0,0.0,0.0,7
2017-09-26,-0.25,0.4629100498862757,0.0,0.25,8
2017-09-27,-0.1111111111111111,0.3333333333333333,0.0,0.1111111111111111,9
2017-09-28,-0.11764705882352941,0.33210558207753577,0.0,0.11764705882352941,17
2017-09-29,-0.2857142857142857,0.48795003647426666,0.0,0.2857142857142857,7
2017-09-30,0.0,0.0,0.0,0.0,6
2017-10-23,0.0,0.0,0.0,0.0,1
2017-10-24,0.0,0.0,0.0,0.0,9
2017-10-25,-0.25,0.4472135954999579,0.0,0.25,16
2017-10-26,-0.1,0.31622776601683794,0.0,0.1,10
2017-10-27,-0.15384615384615385,0.3755338080994054,0.0,0.15384615384615385,13
2017-10-28,0.0,0.0,0.0,0.0,10
2017-10-29,0.0,0.0,0.0,0.0,9
2017-10-30,0.0,0.0,0.0,0.0,19
2017-10-31,-0.23076923076923078,0.4385290096535146,0.0,0.23076923076923078,13
2017-11-21,-0.2857142857142857,0.4879500364742666,0.0,0.2857142857142857,7
2017-11-22,0.0,0.0,0.0,0.0,4
2017-11-23,0.0,0.0,0.0,0.0,15
2017-11-24,-0.2,0.42163702135578396,0.0,0.2,10
2017-11-25,-0.15384615384615385,0.3755338080994054,0.0,0.15384615384615385,13
2017-11-26,0.14285714285714285,0.37796447300922725,0.14285714285714285,0.0,7
2017-11-27,0.0,0.0,0.0,0.0,8
2017-11-28,0.0,0.0,0.0,0.0,11
2017-11-29,0.0,0.0,0.0,0.0,8
2017-11-30,-0.17647058823529413,0.39295262399668784,0.0,0.17647058823529413,17
2017-12-19,-0.25,0.4522670168666455,0.0,0.25,12
2017-12-20,-0.14285714285714285,0.37796447300922725,0.0,0.14285714285714285,7
2017-12-21,0.0,0.0,0.0,0.0,9
2017-12-22,-0.2222222222222222,0.44095855184409843,0.0,0.2222222222222222,9
2017-12-23,0.0,0.0,0.0,0.0,7
2017-12-24,0.0,0.0,0.0,0.0,3
2017-12-25,0.0,0.0,0.0,0.0,8
2017-12-26,0.0,0.5,0.1111111111111111,0.1111111111111111,9
2017-12-27,0.0,0.0,0.0,0.0,7
2017-12-28,0.0,0.0,0.0,0.0,8
2017-12-29,0.0,0.0,0.0,0.0,8
2017-12-30,-0.6666666666666666,0.5773502691896258,0.0,0.6666666666666666,3
2017-12-31,0.0,0.0,0.0,0.0,10
2018-01-21,0.0,0.0,0.0,0.0,5
2018-01-22,-0.2857142857142857,0.4879500364742666,0.0,0.2857142857142857,7
2018-01-23,0.06666666666666667,0.2581988897471611,0.06666666666666667,0.0,15
2018-01-24,-0.09090909090909091,0.30151134457776363,0.0,0.09090909090909091,11
2018-01-25,-0.125,0.3535533905932738,0.0,0.125,8
2018-01-26,0.0,0.0,0.0,0.0,5
2018-01-27,0.0,0.0,0.0,0.0,7
2018-01-28,0.0,0.0,0.0,0.0,12
2018-01-29,-0.09090909090909091,0.30151134457776363,0.0,0.09090909090909091,11
2018-01-30,-0.09090909090909091,0.30151134457776363,0.0,0.09090909090909091,11
2018-01-31,0.125,0.3535533905932738,0.125,0.0,8
2018-02-21,-0.125,0.3535533905932738,0.0,0.125,8
2018-02-22,-0.14285714285714285,0.3631365196012815,0.0,0.14285714285714285,14
2018-02-23,-0.06666666666666667,0.2581988897471611,0.0,0.06666666666666667,15
2018-02-24,0.0,0.0,0.0,0.0,3
2018-02-25,-0.09090909090909091,0.30151134457776363,0.0,0.09090909090909091,11
2018-02-26,-0.17647058823529413,0.3929526239966879,0.0,0.17647058823529413,17
2018-02-27,0.0,0.3429971702850177,0.05555555555555555,0.05555555555555555,18
2018-02-28,0.0,0.0,0.0,0.0,14
2018-03-24,0.0,0.0,0.0,0.0,3
2018-03-25,-0.2222222222222222,0.4409585518440985,0.0,0.2222222222222222,9
2018-03-26,-0.21428571428571427,0.42581531362632,0.0,0.21428571428571427,14
2018-03-27,-0.125,0.3415650255319866,0.0,0.125,16
2018-03-28,-0.22727272727272727,0.4289320272288885,0.0,0.22727272727272727,22
2018-03-29,-0.26666666666666666,0.45773770821706344,0.0,0.26666666666666666,15
2018-03-30,-0.1111111111111111,0.33333333333333337,0.0,0.1111111111111111,9
2018-03-31,-0.16666666666666666,0.3892494720807615,0.0,0.16666666666666666,12
2018-04-23,0.0,0.0,0.0,0.0,2
2018-04-24,-0.23809523809523808,0.4364357804719847,0.0,0.23809523809523808,21
2018-04-25,-0.08333333333333333,0.2886751345948129,0.0,0.08333333333333333,12
2018-04-26,-0.16666666666666666,0.38924947208076144,0.0,0.16666666666666666,12
2018-04-27,-0.2727272727272727,0.4670993664969138,0.0,0.2727272727272727,11
2018-04-28,0.0,0.3922322702763681,0.07142857142857142,0.07142857142857142,14
2018-04-29,-0.18181818181818182,0.40451991747794525,0.0,0.18181818181818182,11
2018-04-30,-0.23529411764705882,0.4372373160976031,0.0,0.23529411764705882,17
2018-05-27,-0.07142857142857142,0.2672612419124244,0.0,0.07142857142857142,14
2018-05-28,-0.05,0.3940344628262062,0.05,0.1,20
2018-05-29,-0.2777777777777778,0.4608885989624768,0.0,0.2777777777777778,18
2018-05-30,-0.1724137931034483,0.46820062223377973,0.034482758620689655,0.20689655172413793,29
2018-05-31,-0.05263157894736842,0.404651319111256,0.05263157894736842,0.10526315789473684,19
2018-06-25,-0.4,0.5477225575051661,0.0,0.4,5
2018-06-26,0.05263157894736842,0.22941573387056177,0.05263157894736842,0.0,19
2018-06-27,-0.125,0.3415650255319866,0.0,0.125,16
2018-06-28,-0.11538461538461539,0.3258125936084211,0.0,0.11538461538461539,26
2018-06-29,-0.14285714285714285,0.3631365196012814,0.0,0.14285714285714285,14
2018-06-30,-0.1,0.30779350562554625,0.0,0.1,20
2018-07-26,-0.2857142857142857,0.48795003647426666,0.0,0.2857142857142857,7
2018-07-27,-0.16666666666666666,0.38924947208076155,0.0,0.16666666666666666,12
2018-07-28,0.0,0.0,0.0,0.0,11
2018-07-29,-0.16666666666666666,0.3834824944236852,0.0,0.16666666666666666,18
2018-07-30,-0.2608695652173913,0.4489777585448796,0.0,0.2608695652173913,23
2018-07-31,-0.13793103448275862,0.35093120317179816,0.0,0.13793103448275862,29
2018-08-26,0.0,0.0,0.0,0.0,2
2018-08-27,-0.20833333333333334,0.41485111699905336,0.0,0.20833333333333334,24
2018-08-28,0.0,0.3333333333333333,0.05263157894736842,0.05263157894736842,19
2018-08-29,0.14285714285714285,0.35856858280031806,0.14285714285714285,0.0,21
2018-08-30,-0.125,0.3415650255319866,0.0,0.125,16
2018-08-31,-0.1111111111111111,0.32338083338177726,0.0,0.1111111111111111,18
2018-09-25,0.0,0.0,0.0,0.0,10
2018-09-26,-0.2222222222222222,0.42779263194649864,0.0,0.2222222222222222,18
2018-09-27,0.0,0.4364357804719847,0.09090909090909091,0.09090909090909091,22
2018-09-28,-0.05,0.22360679774997896,0.0,0.05,20
2018-09-29,0.0,0.0,0.0,0.0,19
2018-09-30,-0.18181818181818182,0.40451991747794525,0.0,0.18181818181818182,11
2018-10-28,-0.17647058823529413,0.39295262399668784,0.0,0.17647058823529413,17
2018-10-29,-0.21212121212121213,0.4151487502672805,0.0,0.21212121212121213,33
2018-10-30,-0.19047619047619047,0.4023739080814782,0.0,0.19047619047619047,21
2018-10-31,-0.2413793103448276,0.5109635445336237,0.034482758620689655,0.27586206896551724,29
2018-11-26,-0.047619047619047616,0.21821789023599236,0.0,0.047619047619047616,21
2018-11-27,-0.14814814814814814,0.4560451819471487,0.037037037037037035,0.18518518518518517,27
2018-11-28,-0.1,0.447213595499958,0.05,0.15,20
2018-11-29,-0.1875,0.5439056290693574,0.0625,0.25,16
2018-11-30,-0.1875,0.4031128874149275,0.0,0.1875,16
2018-12-25,0.0,0.0,0.0,0.0,5
2018-12-26,-0.2727272727272727,0.4670993664969138,0.0,0.2727272727272727,11
2018-12-27,-0.06666666666666667,0.45773770821706344,0.06666666666666667,0.13333333333333333,15
2018-12-28,0.058823529411764705,0.42874646285627216,0.11764705882352941,0.058823529411764705,17
2018-12-29,0.0,0.0,0.0,0.0,14
2018-12-30,-0.038461538461538464,0.19611613513818402,0.0,0.038461538461538464,26
2018-12-31,0.0,0.0,0.0,0.0,12
2019-01-28,0.07692307692307693,0.2773500981126145,0.07692307692307693,0.0,13
2019-01-29,-0.15,0.36634754853252327,0.0,0.15,20
2019-01-30,-0.21875,0.4200134406451545,0.0,0.21875,32
2019-01-31,-0.11428571428571428,0.5297851157852239,0.08571428571428572,0.2,35
2019-02-25,-0.17857142857142858,0.3900210277874798,0.0,0.17857142857142858,28
2019-02-26,-0.043478260869565216,0.3665888047644883,0.043478260869565216,0.08695652173913043,23
2019-02-27,-0.20833333333333334,0.5089773777040515,0.041666666666666664,0.25,24
2019-02-28,-0.08,0.27688746209726917,0.0,0.08,25
2019-03-27,0.0,0.0,0.0,0.0,21
2019-03-28,-0.125,0.33783196234608814,0.0,0.125,24
2019-03-29,-0.13043478260869565,0.34435022157509093,0.0,0.13043478260869565,23
2019-03-30,0.0,0.0,0.0,0.0,14
2019-03-31,0.0,0.3429971702850177,0.05555555555555555,0.05555555555555555,18
2019-04-25,0.0,0.0,0.0,0.0,2
2019-04-26,-0.21428571428571427,0.4986754943620638,0.03571428571428571,0.25,28
2019-04-27,0.0,0.0,0.0,0.0,14
2019-04-28,-0.1111111111111111,0.32338083338177726,0.0,0.1111111111111111,18
2019-04-29,-0.14814814814814814,0.45604518194714866,0.037037037037037035,0.18518518518518517,27
2019-04-30,0.0,0.0,0.0,0.0,11
2019-05-28,0.0,0.0,0.0,0.0,1
2019-05-29,-0.28125,0.5226714875243988,0.03125,0.3125,32
2019-05-30,-0.1111111111111111,0.3984095364447978,0.027777777777777776,0.1388888888888889,36
2019-05-31,-0.06451612903225806,0.4423787118874311,0.06451612903225806,0.12903225806451613,31
2019-06-27,-0.5,0.5773502691896257,0.0,0.5,4
2019-06-28,-0.16666666666666666,0.3790490217894517,0.0,0.16666666666666666,30
2019-06-29,-0.19230769230769232,0.40191847623425014,0.0,0.19230769230769232,26
2019-06-30,-0.1,0.3789323733725367,0.025,0.125,40
2019-07-29,-0.14285714285714285,0.37796447300922725,0.0,0.14285714285714285,7
2019-07-30,-0.11363636363636363,0.3210382206405505,0.0,0.11363636363636363,44
2019-07-31,-0.20408163265306123,0.45550301118354747,0.02040816326530612,0.22448979591836735,49
2019-08-28,-0.03125,0.47412908273673127,0.09375,0.125,32
2019-08-29,0.0,0.2773500981126146,0.037037037037037035,0.037037037037037035,27
2019-08-30,-0.1111111111111111,0.32338083338177726,0.0,0.1111111111111111,18
2019-08-31,-0.08695652173913043,0.4170288281141496,0.043478260869565216,0.13043478260869565,23
2019-09-27,-0.14285714285714285,0.36313651960128146,0.0,0.14285714285714285,14
2019-09-28,-0.03571428571428571,0.4287918304520667,0.07142857142857142,0.10714285714285714,28
2019-09-29,-0.09090909090909091,0.29424494316824984,0.0,0.09090909090909091,22
2019-09-30,-0.05555555555555555,0.3333333333333333,0.027777777777777776,0.08333333333333333,36
2019-10-29,-0.1724137931034483,0.46820062223377973,0.034482758620689655,0.20689655172413793,29
2019-10-30,-0.25,0.5,0.027777777777777776,0.2777777777777778,36
2019-10-31,-0.08571428571428572,0.44533058252391833,0.05714285714285714,0.14285714285714285,35
2019-11-27,-0.16666666666666666,0.3834824944236852,0.0,0.16666666666666666,18
2019-11-28,-0.09090909090909091,0.2919371040605711,0.0,0.09090909090909091,33
2019-11-29,-0.10810810810810811,0.3148000938676783,0.0,0.10810810810810811,37
2019-11-30,-0.08333333333333333,0.5149286505444373,0.08333333333333333,0.16666666666666666,12
2019-12-28,-0.07142857142857142,0.2672612419124244,0.0,0.07142857142857142,14
2019-12-29,0.0,0.0,0.0,0.0,21
2019-12-30,-0.08333333333333333,0.3683941988065036,0.027777777777777776,0.1111111111111111,36
2019-12-31,-0.13793103448275862,0.3509312031717982,0.0,0.13793103448275862,29
2020-01-29,-0.3333333333333333,0.5773502691896258,0.0,0.3333333333333333,3
2020-01-30,-0.057692307692307696,0.23543547789870933,0.0,0.057692307692307696,52
2020-01-31,-0.06666666666666667,0.25226248955475644,0.0,0.06666666666666667,45
2020-02-28,-0.09230769230769231,0.2917124506190194,0.0,0.09230769230769231,65
2020-02-29,0.0,0.24253562503633297,0.02857142857142857,0.02857142857142857,35
2020-03-25,-0.125,0.3535533905932738,0.0,0.125,8
2020-03-26,-0.17647058823529413,0.5285941398709244,0.058823529411764705,0.23529411764705882,17
2020-03-27,-0.10526315789473684,0.3153017676423058,0.0,0.10526315789473684,19
2020-03-28,-0.09090909090909091,0.30151134457776363,0.0,0.09090909090909091,11
2020-03-29,-0.07692307692307693,0.49354811679282456,0.07692307692307693,0.15384615384615385,13
2020-03-30,-0.13333333333333333,0.5163977794943223,0.06666666666666667,0.2,15
2020-03-31,-0.17094017094017094,0.460333430329887,0.03418803418803419,0.20512820512820512,117
2020-04-23,0.0,0.0,0.0,0.0,2
2020-04-24,-0.07142857142857142,0.4746311465493234,0.07142857142857142,0.14285714285714285,14
2020-04-25,0.0,0.0,0.0,0.0,2
2020-04-26,0.2,0.447213595499958,0.2,0.0,5
2020-04-27,-0.17647058823529413,0.3929526239966879,0.0,0.17647058823529413,17
2020-04-28,-0.07142857142857142,0.2672612419124244,0.0,0.07142857142857142,14
2020-04-29,-0.1702127659574468,0.4809026357287708,0.0425531914893617,0.2127659574468085,47
2020-04-30,-0.12121212121212122,0.4350164733621876,0.04040404040404041,0.16161616161616163,99
2020-05-26,0.0,0.4264014327112209,0.08695652173913043,0.08695652173913043,23
2020-05-27,-0.041666666666666664,0.3586407511783862,0.041666666666666664,0.08333333333333333,24
2020-05-28,0.09523809523809523,0.4364357804719848,0.14285714285714285,0.047619047619047616,21
2020-05-29,-0.23076923076923078,0.4296689244236597,0.0,0.23076923076923078,26
2020-05-30,-0.05405405405405406,0.4045536598075262,0.05405405405405406,0.10810810810810811,37
2020-05-31,-0.08695652173913043,0.37334459853908697,0.028985507246376812,0.11594202898550725,69
2020-06-29,-0.08333333333333333,0.4024572411895647,0.041666666666666664,0.125,72
2020-06-30,-0.0234375,0.3651090603973722,0.0546875,0.078125,128
2020-07-29,-0.038461538461538464,0.34418242032610913,0.038461538461538464,0.07692307692307693,26
2020-07-30,-0.09782608695652174,0.39390361426873255,0.03260869565217391,0.13043478260869565,92
2020-07-31,-0.12195121951219512,0.42717111101397554,0.036585365853658534,0.15853658536585366,82
2020-08-29,0.0,0.0,0.0,0.0,3
2020-08-30,-0.05555555555555555,0.3333333333333333,0.027777777777777776,0.08333333333333333,36
2020-08-31,-0.06832298136645963,0.4201818594740329,0.055900621118012424,0.12422360248447205,161
2020-09-29,-0.06944444444444445,0.3061063466536733,0.013888888888888888,0.08333333333333333,72
2020-09-30,-0.0390625,0.31752844128301655,0.03125,0.0703125,128
2020-10-29,0.06818181818181818,0.45226701686664544,0.13636363636363635,0.06818181818181818,44
2020-10-30,-0.16494845360824742,0.4000107386874659,0.010309278350515464,0.17525773195876287,97
2020-10-31,-0.11864406779661017,0.32614497319717867,0.0,0.11864406779661017,59
2020-11-27,-0.030303030303030304,0.3046358979224712,0.030303030303030304,0.06060606060606061,33
2020-11-28,0.0,0.5,0.1111111111111111,0.1111111111111111,9
2020-11-29,-0.03508771929824561,0.3254070133091433,0.03508771929824561,0.07017543859649122,57
2020-11-30,-0.07920792079207921,0.30604471296958174,0.009900990099009901,0.0891089108910891,101
2020-12-27,0.0,0.0,0.0,0.0,1
2020-12-28,0.0,0.0,0.0,0.0,12
2020-12-29,0.027777777777777776,0.29141145296750937,0.05555555555555555,0.027777777777777776,36
2020-12-30,-0.05813953488372093,0.35495322517997147,0.03488372093023256,0.09302325581395349,86
2020-12-31,0.0,0.25,0.03076923076923077,0.03076923076923077,65
2021-01-30,-0.1,0.31622776601683794,0.0,0.1,10
2021-01-31,-0.06315789473684211,0.2839824987449544,0.010526315789473684,0.07368421052631578,190
2021-02-26,0.0,0.0,0.0,0.0,14
2021-02-27,-0.07042253521126761,0.30817173607175735,0.014084507042253521,0.08450704225352113,71
2021-02-28,-0.043478260869565216,0.30754558492029505,0.02608695652173913,0.06956521739130435,115
2021-03-30,-0.1111111111111111,0.31782086308186414,0.0,0.1111111111111111,45
2021-03-31,0.03225806451612903,0.3104114328525614,0.06451612903225806,0.03225806451612903,155
2021-04-29,-0.0547945205479452,0.32873541196632544,0.0273972602739726,0.0821917808219178,73
2021-04-30,-0.047244094488188976,0.3955760861642256,0.05511811023622047,0.10236220472440945,127
2021-05-28,0.0,0.0,0.0,0.0,1
2021-05-29,0.06666666666666667,0.2581988897471611,0.06666666666666667,0.0,15
2021-05-30,-0.015625,0.3329611016892142,0.046875,0.0625,64
2021-05-31,0.0,0.28988551782622424,0.041666666666666664,0.041666666666666664,120
2021-06-28,0.16666666666666666,0.3892494720807615,0.16666666666666666,0.0,12
2021-06-29,-0.08333333333333333,0.3814187016766491,0.03333333333333333,0.11666666666666667,60
2021-06-30,-0.0234375,0.3428652716274848,0.046875,0.0703125,128
2021-07-28,0.0,0.29488391230979427,0.041666666666666664,0.041666666666666664,24
2021-07-29,0.0,0.3779644730092272,0.06896551724137931,0.06896551724137931,29
2021-07-30,-0.08433734939759036,0.3562959607360026,0.024096385542168676,0.10843373493975904,83
2021-07-31,-0.015625,0.21764887260455026,0.015625,0.03125,64
2021-08-29,0.0,0.0,0.0,0.0,16
2021-08-30,-0.10714285714285714,0.3477243452935251,0.011904761904761904,0.11904761904761904,84
2021-08-31,-0.06,0.3120476524086304,0.02,0.08,100
2021-09-28,-0.07692307692307693,0.49354811679282456,0.07692307692307693,0.15384615384615385,13
2021-09-29,-0.022988505747126436,0.1507355218280167,0.0,0.022988505747126436,87
2021-09-30,-0.1,0.33333333333333337,0.01,0.11,100
2021-10-28,0.029411764705882353,0.38810293211724595,0.08823529411764706,0.058823529411764705,34
2021-10-29,0.0,0.0,0.0,0.0,31
2021-10-30,0.0,0.0,0.0,0.0,44
2021-10-31,0.0,0.25819888974716115,0.03296703296703297,0.03296703296703297,91
2021-11-28,-0.1,0.44721359549995787,0.05,0.15,20
2021-11-29,-0.0273972602739726,0.33218981938569514,0.0410958904109589,0.0684931506849315,73
2021-11-30,-0.028037383177570093,0.3490673267284035,0.04672897196261682,0.07476635514018691,107
2021-12-28,-0.15789473684210525,0.3746343246326776,0.0,0.15789473684210525,19
2021-12-29,0.125,0.3378319623460881,0.125,0.0,24
2021-12-30,0.0,0.16116459280507606,0.01282051282051282,0.01282051282051282,78
2021-12-31,-0.0379746835443038,0.3375263702778072,0.0379746835443038,0.0759493670886076,79
2022-01-27,-0.2,0.447213595499958,0.0,0.2,5
2022-01-28,-0.12121212121212122,0.4151487502672806,0.030303030303030304,0.15151515151515152,33
2022-01-29,0.06666666666666667,0.2581988897471611,0.06666666666666667,0.0,15
2022-01-30,0.02631578947368421,0.2834957557490733,0.05263157894736842,0.02631578947368421,38
2022-01-31,0.01834862385321101,0.3328232590737854,0.06422018348623854,0.045871559633027525,109
2022-02-24,-0.04,0.4546060565661952,0.08,0.12,25
2022-02-25,-0.03225806451612903,0.31452302170555924,0.03225806451612903,0.06451612903225806,31
2022-02-26,-0.125,0.3535533905932738,0.0,0.125,8
2022-02-27,-0.08450704225352113,0.2801264445740498,0.0,0.08450704225352113,71
2022-02-28,-0.046153846153846156,0.37210420376762543,0.046153846153846156,0.09230769230769231,65
2022-03-30,-0.03773584905660377,0.43687104904974294,0.07547169811320754,0.11320754716981132,53
2022-03-31,0.006802721088435374,0.37919523000467503,0.07482993197278912,0.06802721088435375,147
2022-04-27,0.1,0.3077935056255462,0.1,0.0,20
2022-04-28,0.06666666666666667,0.2537081317024624,0.06666666666666667,0.0,30
2022-04-29,-0.05,0.2867113353714995,0.016666666666666666,0.06666666666666667,60
2022-04-30,-0.07777777777777778,0.3082308261632075,0.011111111111111112,0.08888888888888889,90
2022-05-25,0.125,0.5,0.1875,0.0625,16
2022-05-26,-0.045454545454545456,0.21320071635561041,0.0,0.045454545454545456,22
2022-05-27,-0.16666666666666666,0.3834824944236852,0.0,0.16666666666666666,18
2022-05-28,0.0,0.6324555320336759,0.16666666666666666,0.16666666666666666,6
2022-05-29,0.0,0.3922322702763681,0.07142857142857142,0.07142857142857142,14
2022-05-30,-0.07692307692307693,0.3542683627908283,0.02564102564102564,0.10256410256410256,39
2022-05-31,-0.18823529411764706,0.42241137833753906,0.011764705882352941,0.2,85
2022-06-26,-0.16666666666666666,0.408248290463863,0.0,0.16666666666666666,6
2022-06-27,0.043478260869565216,0.4746540241984124,0.13043478260869565,0.08695652173913043,23
2022-06-28,-0.043478260869565216,0.3665888047644883,0.043478260869565216,0.08695652173913043,23
2022-06-29,-0.15789473684210525,0.3746343246326776,0.0,0.15789473684210525,19
2022-06-30,-0.13178294573643412,0.4027220847177118,0.023255813953488372,0.15503875968992248,129
2022-07-25,0.125,0.3415650255319866,0.125,0.0,16
2022-07-26,0.0625,0.24999999999999997,0.0625,0.0,16
2022-07-27,0.07142857142857142,0.2672612419124244,0.07142857142857142,0.0,14
2022-07-28,-0.043478260869565216,0.3665888047644883,0.043478260869565216,0.08695652173913043,23
2022-07-29,0.1111111111111111,0.4714045207910316,0.16666666666666666,0.05555555555555555,18
2022-07-30,-0.2,0.41039134083406165,0.0,0.2,20
2022-07-31,-0.13978494623655913,0.40623932359114445,0.021505376344086023,0.16129032258064516,93
2022-08-25,0.0,0.0,0.0,0.0,2
2022-08-26,-0.07407407407407407,0.26688025634181184,0.0,0.07407407407407407,27
2022-08-27,0.1111111111111111,0.33333333333333337,0.1111111111111111,0.0,9
2022-08-28,0.0,0.5,0.1111111111111111,0.1111111111111111,9
2022-08-29,-0.24,0.43588989435406733,0.0,0.24,25
2022-08-30,0.0,0.0,0.0,0.0,12
2022-08-31,-0.1206896551724138,0.3766020252962952,0.017241379310344827,0.13793103448275862,116
2022-09-26,-0.06666666666666667,0.25819888974716115,0.0,0.06666666666666667,15
2022-09-27,0.06666666666666667,0.2581988897471611,0.06666666666666667,0.0,15
2022-09-28,-0.03571428571428571,0.4287918304520667,0.07142857142857142,0.10714285714285714,28
2022-09-29,-0.03333333333333333,0.31984191497474596,0.03333333333333333,0.06666666666666667,30
2022-09-30,-0.11607142857142858,0.39695997289049195,0.026785714285714284,0.14285714285714285,112
2022-10-25,0.0,0.0,0.0,0.0,4
2022-10-26,0.043478260869565216,0.5623215571155332,0.17391304347826086,0.13043478260869565,23
2022-10-27,0.05263157894736842,0.22941573387056177,0.05263157894736842,0.0,19
2022-10-28,-0.45454545454545453,0.5096471914376255,0.0,0.45454545454545453,22
2022-10-29,0.0,0.0,0.0,0.0,6
2022-10-30,-0.045454545454545456,0.21320071635561041,0.0,0.045454545454545456,22
2022-10-31,-0.04807692307692308,0.3232062581193749,0.028846153846153848,0.07692307692307693,104
2022-11-24,0.0,0.0,0.0,0.0,17
2022-11-25,-0.06666666666666667,0.2581988897471611,0.0,0.06666666666666667,15
2022-11-26,0.0,0.0,0.0,0.0,7
2022-11-27,0.0,0.0,0.0,0.0,9
2022-11-28,0.043478260869565216,0.20851441405707474,0.043478260869565216,0.0,23
2022-11-29,-0.1111111111111111,0.33333333333333337,0.0,0.1111111111111111,9
2022-11-30,-0.09166666666666666,0.3428950725984919,0.016666666666666666,0.10833333333333334,120
2022-12-23,0.05555555555555555,0.4161761818978652,0.1111111111111111,0.05555555555555555,18
2022-12-24,0.0,0.0,0.0,0.0,4
2022-12-25,0.0,0.0,0.0,0.0,4
2022-12-26,0.0,0.0,0.0,0.0,7
2022-12-27,0.0,0.0,0.0,0.0,9
2022-12-28,-0.1,0.3077935056255462,0.0,0.1,20
2022-12-29,-0.05,0.22360679774997896,0.0,0.05,20
2022-12-30,-0.1,0.3789323733725368,0.025,0.125,40
2022-12-31,-0.10256410256410256,0.345273977030009,0.01282051282051282,0.11538461538461539,78
2023-01-24,0.09090909090909091,0.30151134457776363,0.09090909090909091,0.0,11
2023-01-25,-0.125,0.5,0.0625,0.1875,16
2023-01-26,0.0,0.0,0.0,0.0,19
2023-01-27,0.16666666666666666,0.408248290463863,0.16666666666666666,0.0,6
2023-01-28,0.16666666666666666,0.408248290463863,0.16666666666666666,0.0,6
2023-01-29,-0.05263157894736842,0.40465131911125607,0.05263157894736842,0.10526315789473684,19
2023-01-30,0.1,0.5676462121975466,0.2,0.1,10
2023-01-31,-0.1415929203539823,0.3748155888750051,0.008849557522123894,0.1504424778761062,113
2023-02-20,0.0,0.0,0.0,0.0,6
2023-02-21,-0.1875,0.4031128874149275,0.0,0.1875,16
2023-02-22,0.2,0.6324555320336759,0.3,0.1,10
2023-02-23,0.0,0.0,0.0,0.0,15
2023-02-24,0.1,0.7378647873726218,0.3,0.2,10
2023-02-25,0.0,0.0,0.0,0.0,4
2023-02-26,-0.07142857142857142,0.26726124191242434,0.0,0.07142857142857142,14
2023-02-27,0.07142857142857142,0.2672612419124244,0.07142857142857142,0.0,14
2023-02-28,-0.09009009009009009,0.4166871411840947,0.04504504504504504,0.13513513513513514,111
2023-03-24,0.1111111111111111,0.33333333333333337,0.1111111111111111,0.0,9
2023-03-25,0.0,0.6324555320336759,0.16666666666666666,0.16666666666666666,6
2023-03-26,-0.07692307692307693,0.2773500981126146,0.0,0.07692307692307693,13
2023-03-27,0.0,0.0,0.0,0.0,17
2023-03-28,-0.07692307692307693,0.2773500981126146,0.0,0.07692307692307693,13
2023-03-29,0.05555555555555555,0.2357022603955158,0.05555555555555555,0.0,18
2023-03-30,-0.10526315789473684,0.3153017676423057,0.0,0.10526315789473684,19
2023-03-31,-0.14285714285714285,0.37796447300922725,0.009523809523809525,0.1523809523809524,105
2023-04-21,0.0,0.0,0.0,0.0,8
2023-04-22,0.18181818181818182,0.40451991747794525,0.18181818181818182,0.0,11
2023-04-23,-0.16666666666666666,0.408248290463863,0.0,0.16666666666666666,6
2023-04-24,0.09090909090909091,0.30151134457776363,0.09090909090909091,0.0,11
2023-04-25,-0.07142857142857142,0.2672612419124244,0.0,0.07142857142857142,14
2023-04-26,0.0,0.3779644730092272,0.06666666666666667,0.06666666666666667,15
2023-04-27,0.0,0.0,0.0,0.0,14
2023-04-28,-0.2222222222222222,0.44095855184409843,0.0,0.2222222222222222,9
2023-04-29,0.0,0.0,0.0,0.0,6
2023-04-30,-0.05660377358490566,0.36069215681190575,0.03773584905660377,0.09433962264150944,106
2023-05-23,0.0,0.0,0.0,0.0,7
2023-05-24,0.0,0.0,0.0,0.0,13
2023-05-25,-0.09090909090909091,0.30151134457776363,0.0,0.09090909090909091,11
2023-05-26,0.0,0.0,0.0,0.0,11
2023-05-27,0.1111111111111111,0.33333333333333337,0.1111111111111111,0.0,9
2023-05-28,0.0,0.0,0.0,0.0,7
2023-05-29,0.16666666666666666,0.38924947208076144,0.16666666666666666,0.0,12
2023-05-30,-0.10526315789473684,0.3153017676423058,0.0,0.10526315789473684,19
2023-05-31,-0.09009009009009009,0.45824863337691474,0.06306306306306306,0.15315315315315314,111
2023-06-22,0.0,0.0,0.0,0.0,3
2023-06-23,0.0,0.0,0.0,0.0,8
2023-06-24,0.0,0.0,0.0,0.0,1
2023-06-25,-0.18181818181818182,0.4045199174779453,0.0,0.18181818181818182,11
2023-06-26,0.0,0.0,0.0,0.0,17
2023-06-27,-0.05555555555555555,0.23570226039551584,0.0,0.05555555555555555,18
2023-06-28,0.09090909090909091,0.30151134457776363,0.09090909090909091,0.0,11
2023-06-29,-0.0625,0.25,0.0,0.0625,16
2023-06-30,-0.08695652173913043,0.31246662674580283,0.008695652173913044,0.09565217391304348,115
2023-07-23,0.0,0.0,0.0,0.0,20
2023-07-24,0.07692307692307693,0.2773500981126145,0.07692307692307693,0.0,13
2023-07-25,0.07692307692307693,0.7595545253127499,0.3076923076923077,0.23076923076923078,13
2023-07-26,0.0,0.5773502691896257,0.14285714285714285,0.14285714285714285,7
2023-07-27,-0.09090909090909091,0.5393598899705937,0.09090909090909091,0.18181818181818182,11
2023-07-28,-0.125,0.5,0.0625,0.1875,16
2023-07-29,0.0,0.0,0.0,0.0,3
2023-07-30,-0.25,0.46291004988627577,0.0,0.25,8
2023-07-31,-0.09174311926605505,0.32033791197068084,0.009174311926605505,0.10091743119266056,109
2023-08-20,-0.25,0.5,0.0,0.25,4
2023-08-21,-0.1111111111111111,0.6009252125773316,0.1111111111111111,0.2222222222222222,9
2023-08-22,0.14285714285714285,0.37796447300922725,0.14285714285714285,0.0,7
2023-08-23,-0.1,0.31622776601683794,0.0,0.1,10
2023-08-24,0.2,0.4216370213557839,0.2,0.0,10
2023-08-25,0.0,0.0,0.0,0.0,2
2023-08-26,0.0,0.0,0.0,0.0,2
2023-08-27,0.0,0.0,0.0,0.0,4
2023-08-28,0.15384615384615385,0.3755338080994054,0.15384615384615385,0.0,13
2023-08-29,0.1,0.31622776601683794,0.1,0.0,10
2023-08-30,-0.125,0.3535533905932738,0.0,0.125,8
2023-08-31,-0.11570247933884298,0.321197827011851,0.0,0.11570247933884298,121
2023-09-20,0.125,0.3535533905932738,0.125,0.0,8
2023-09-21,-0.125,0.3535533905932738,0.0,0.125,8
2023-09-22,0.0,0.7071067811865476,0.2,0.2,5
2023-09-23,0.0,0.0,0.0,0.0,5
2023-09-24,0.0,0.0,0.0,0.0,6
2023-09-25,0.0,0.0,0.0,0.0,12
2023-09-26,-0.08333333333333333,0.28867513459481287,0.0,0.08333333333333333,12
2023-09-27,0.08333333333333333,0.2886751345948129,0.08333333333333333,0.0,12
2023-09-28,-0.13333333333333333,0.3518657752744984,0.0,0.13333333333333333,15
2023-09-29,-0.047619047619047616,0.3842122429322726,0.047619047619047616,0.09523809523809523,21
2023-09-30,-0.041666666666666664,0.24779731389167606,0.010416666666666666,0.052083333333333336,96
2023-10-18,0.14285714285714285,0.37796447300922725,0.14285714285714285,0.0,7
2023-10-19,0.14285714285714285,0.37796447300922725,0.14285714285714285,0.0,7
2023-10-20,-0.3333333333333333,0.5163977794943222,0.0,0.3333333333333333,6
2023-10-21,0.0,0.0,0.0,0.0,3
2023-10-22,0.0,0.0,0.0,0.0,5
2023-10-23,-0.1,0.31622776601683794,0.0,0.1,10
2023-10-24,0.0,0.0,0.0,0.0,11
2023-10-25,-0.2222222222222222,0.44095855184409843,0.0,0.2222222222222222,9
2023-10-26,0.0,0.0,0.0,0.0,6
2023-10-27,-0.2857142857142857,0.4879500364742666,0.0,0.2857142857142857,7
2023-10-28,0.0,0.0,0.0,0.0,2
2023-10-29,0.0,0.0,0.0,0.0,5
2023-10-30,0.08333333333333333,0.28867513459481287,0.08333333333333333,0.0,12
2023-10-31,-0.10909090909090909,0.31318003572862446,0.0,0.10909090909090909,110
2023-11-19,0.07692307692307693,0.49354811679282456,0.15384615384615385,0.07692307692307693,13
2023-11-20,0.1111111111111111,0.33333333333333337,0.1111111111111111,0.0,9
2023-11-21,-0.1,0.31622776601683794,0.0,0.1,10
2023-11-22,0.0,0.5,0.1111111111111111,0.1111111111111111,9
2023-11-23,0.0,0.0,0.0,0.0,3
2023-11-24,0.3333333333333333,0.5773502691896258,0.3333333333333333,0.0,3
2023-11-25,0.0,0.0,0.0,0.0,2
2023-11-26,0.0,0.0,0.0,0.0,8
2023-11-27,0.0,0.0,0.0,0.0,15
2023-11-28,0.1,0.31622776601683794,0.1,0.0,10
2023-11-29,0.0,0.5773502691896257,0.14285714285714285,0.14285714285714285,7
2023-11-30,-0.018018018018018018,0.3562935965536385,0.05405405405405406,0.07207207207207207,111
2023-12-17,0.2,0.447213595499958,0.2,0.0,5
2023-12-18,0.0,0.0,0.0,0.0,9
2023-12-19,0.1,0.5676462121975466,0.2,0.1,10
2023-12-20,0.0,0.0,0.0,0.0,5
2023-12-21,-0.1111111111111111,0.3333333333333333,0.0,0.1111111111111111,9
2023-12-22,0.0,0.0,0.0,0.0,12
2023-12-23,-0.3333333333333333,0.5163977794943222,0.0,0.3333333333333333,6
2023-12-24,0.0,0.0,0.0,0.0,4
2023-12-25,0.0,0.0,0.0,0.0,5
2023-12-26,0.0,0.0,0.0,0.0,5
2023-12-27,0.0,0.0,0.0,0.0,5
2023-12-28,0.09090909090909091,0.5393598899705937,0.18181818181818182,0.09090909090909091,11
2023-12-29,0.5,0.5773502691896257,0.5,0.0,4
2023-12-30,-0.15,0.3663475485325232,0.0,0.15,20
2023-12-31,-0.022222222222222223,0.21081851067789195,0.011111111111111112,0.03333333333333333,90
2024-01-18,0.0,0.0,0.0,0.0,1
2024-01-19,0.16666666666666666,0.408248290463863,0.16666666666666666,0.0,6
2024-01-20,0.0,0.0,0.0,0.0,4
2024-01-21,0.0,0.0,0.0,0.0,8
2024-01-22,0.0,0.0,0.0,0.0,11
2024-01-23,-0.2222222222222222,0.44095855184409843,0.0,0.2222222222222222,9
2024-01-24,0.2,0.447213595499958,0.2,0.0,5
2024-01-25,0.0,0.0,0.0,0.0,19
2024-01-26,0.0,0.0,0.0,0.0,5
2024-01-27,0.0,0.0,0.0,0.0,3
2024-01-28,0.0,0.0,0.0,0.0,7
2024-01-29,0.0,0.0,0.0,0.0,9
2024-01-30,-0.16666666666666666,0.408248290463863,0.0,0.16666666666666666,6
2024-01-31,-0.056074766355140186,0.26888223209169976,0.009345794392523364,0.06542056074766354,107
2024-02-18,0.0,0.0,0.0,0.0,7
2024-02-19,0.0,0.0,0.0,0.0,8
2024-02-20,0.0,0.0,0.0,0.0,7
2024-02-21,0.2857142857142857,0.48795003647426666,0.2857142857142857,0.0,7
2024-02-22,-0.14285714285714285,0.36313651960128146,0.0,0.14285714285714285,14
2024-02-23,0.0,0.0,0.0,0.0,13
2024-02-24,0.0,0.0,0.0,0.0,5
2024-02-25,0.0,0.0,0.0,0.0,8
2024-02-26,-0.1111111111111111,0.33333333333333337,0.0,0.1111111111111111,9
2024-02-27,0.0,0.0,0.0,0.0,4
2024-02-28,-0.09090909090909091,0.5393598899705937,0.09090909090909091,0.18181818181818182,11
2024-02-29,-0.07476635514018691,0.35557380093863517,0.028037383177570093,0.102803738317757,107
2024-03-15,0.0,0.0,0.0,0.0,7
2024-03-16,0.0,0.0,0.0,0.0,2
2024-03-17,0.0,0.0,0.0,0.0,3
2024-03-18,-0.5,0.5773502691896257,0.0,0.5,4
2024-03-19,0.0,0.0,0.0,0.0,13
2024-03-20,0.16666666666666666,0.408248290463863,0.16666666666666666,0.0,6
2024-03-21,0.0,0.0,0.0,0.0,6
2024-03-22,0.0,0.0,0.0,0.0,8
2024-03-23,0.0,0.0,0.0,0.0,5
2024-03-24,0.0,0.0,0.0,0.0,3
2024-03-25,-0.25,0.4629100498862757,0.0,0.25,8
2024-03-26,0.18181818181818182,0.40451991747794525,0.18181818181818182,0.0,11
2024-03-27,0.0,0.0,0.0,0.0,9
2024-03-28,0.0,0.0,0.0,0.0,6
2024-03-29,0.0,0.0,0.0,0.0,2
2024-03-30,0.0,0.0,0.0,0.0,2
2024-03-31,-0.11428571428571428,0.3750457847507964,0.01904761904761905,0.13333333333333333,105
2024-04-15,0.0,0.0,0.0,0.0,5
2024-04-16,0.0,0.0,0.0,0.0,8
2024-04-17,0.0,0.0,0.0,0.0,5
2024-04-18,0.0,0.0,0.0,0.0,6
2024-04-19,0.0,0.0,0.0,0.0,13
2024-04-20,0.0,0.0,0.0,0.0,4
2024-04-21,0.0,0.0,0.0,0.0,2
2024-04-22,-0.058823529411764705,0.24253562503633297,0.0,0.058823529411764705,17
2024-04-23,0.0,0.0,0.0,0.0,3
2024-04-24,0.0,0.0,0.0,0.0,6
2024-04-25,-0.3333333333333333,0.5773502691896258,0.0,0.3333333333333333,3
2024-04-26,0.0,0.0,0.0,0.0,4
2024-04-27,0.3333333333333333,0.5773502691896258,0.3333333333333333,0.0,3
2024-04-28,0.0,0.0,0.0,0.0,4
2024-04-29,0.0,0.0,0.0,0.0,9
2024-04-30,-0.06481481481481481,0.3139482708788437,0.018518518518518517,0.08333333333333333,108
2024-05-16,0.0,0.0,0.0,0.0,3
2024-05-17,0.2,0.447213595499958,0.2,0.0,5
2024-05-19,0.0,0.0,0.0,0.0,5
2024-05-20,-0.08333333333333333,0.28867513459481287,0.0,0.08333333333333333,12
2024-05-21,0.0,0.0,0.0,0.0,7
2024-05-22,0.0,0.0,0.0,0.0,8
2024-05-23,-0.14285714285714285,0.37796447300922725,0.0,0.14285714285714285,7
2024-05-24,0.0,0.0,0.0,0.0,2
2024-05-25,0.0,0.0,0.0,0.0,1
2024-05-26,0.0,0.0,0.0,0.0,6
2024-05-27,0.1,0.31622776601683794,0.1,0.0,10
2024-05-28,0.0,0.0,0.0,0.0,11
2024-05-29,0.0,0.0,0.0,0.0,9
2024-05-30,0.08,0.2768874620972691,0.08,0.0,25
2024-05-31,-0.07865168539325842,0.2707195421096928,0.0,0.07865168539325842,89
2024-06-28,0.0,0.0,0.0,0.0,56
2024-06-29,-0.03225806451612903,0.17960530202677488,0.0,0.03225806451612903,31
2024-06-30,-0.035398230088495575,0.26488553929086217,0.017699115044247787,0.05309734513274336,113
2024-07-18,0.0,0.0,0.0,0.0,4
2024-07-19,0.0,0.0,0.0,0.0,13
2024-07-20,0.5,0.7071067811865476,0.5,0.0,2
2024-07-21,-0.1111111111111111,0.33333333333333337,0.0,0.1111111111111111,9
2024-07-22,0.0,0.0,0.0,0.0,8
2024-07-23,0.0,0.4472135954999579,0.09090909090909091,0.09090909090909091,11
2024-07-24,0.16666666666666666,0.408248290463863,0.16666666666666666,0.0,6
2024-07-25,0.25,0.46291004988627577,0.25,0.0,8
2024-07-26,0.125,0.6408699444616557,0.25,0.125,8
2024-07-27,0.0,0.0,0.0,0.0,2
2024-07-28,0.25,0.5,0.25,0.0,4
2024-07-29,0.125,0.3535533905932738,0.125,0.0,8
2024-07-30,0.0,0.0,0.0,0.0,8
2024-07-31,-0.06422018348623854,0.3670510449363343,0.03669724770642202,0.10091743119266056,109
2024-08-20,0.0,0.0,0.0,0.0,1
2024-08-21,0.1,0.31622776601683794,0.1,0.0,10
2024-08-22,0.0,0.4714045207910317,0.1,0.1,10
2024-08-23,0.2222222222222222,0.44095855184409843,0.2222222222222222,0.0,9
2024-08-24,0.0,0.0,0.0,0.0,7
2024-08-25,0.0,0.0,0.0,0.0,6
2024-08-26,0.0,0.0,0.0,0.0,8
2024-08-27,0.0,0.0,0.0,0.0,12
2024-08-28,0.1111111111111111,0.33333333333333337,0.1111111111111111,0.0,9
2024-08-29,-0.16666666666666666,0.38924947208076144,0.0,0.16666666666666666,12
2024-08-30,0.0,0.0,0.0,0.0,21
2024-08-31,-0.14736842105263157,0.35635331059341185,0.0,0.14736842105263157,95
2024-09-19,0.0,0.0,0.0,0.0,2
2024-09-20,-0.047619047619047616,0.3842122429322725,0.047619047619047616,0.09523809523809523,21
2024-09-21,0.2,0.4472135954999579,0.2,0.0,5
2024-09-22,0.0,0.0,0.0,0.0,5
2024-09-23,-0.4,0.5477225575051662,0.0,0.4,5
2024-09-24,0.0,0.0,0.0,0.0,4
2024-09-25,-0.05263157894736842,0.22941573387056177,0.0,0.05263157894736842,19
2024-09-26,0.0,0.3651483716701107,0.0625,0.0625,16
2024-09-27,0.0,0.0,0.0,0.0,8
2024-09-28,-0.5,0.7071067811865476,0.0,0.5,2
2024-09-29,0.25,0.5,0.25,0.0,4
2024-09-30,-0.045871559633027525,0.2503819711929574,0.009174311926605505,0.05504587155963303,109
2024-10-21,0.07692307692307693,0.2773500981126146,0.07692307692307693,0.0,13
2024-10-22,0.2727272727272727,0.4670993664969138,0.2727272727272727,0.0,11
2024-10-23,-0.1111111111111111,0.3333333333333333,0.0,0.1111111111111111,9
2024-10-24,-0.2727272727272727,0.4670993664969138,0.0,0.2727272727272727,11
2024-10-25,0.0,0.0,0.0,0.0,4
2024-10-26,0.0,0.0,0.0,0.0,3
2024-10-27,0.0,0.0,0.0,0.0,5
2024-10-28,-0.2,0.4216370213557839,0.0,0.2,10
2024-10-29,0.07142857142857142,0.2672612419124244,0.07142857142857142,0.0,14
2024-10-30,0.0,0.0,0.0,0.0,6
2024-10-31,-0.14912280701754385,0.3817161095955923,0.008771929824561403,0.15789473684210525,114
2024-11-15,0.0,0.0,0.0,0.0,1
2024-11-16,0.0,0.0,0.0,0.0,4
2024-11-17,0.0,0.0,0.0,0.0,7
2024-11-18,0.0,0.0,0.0,0.0,4
2024-11-19,0.0,0.0,0.0,0.0,5
2024-11-20,0.2,0.4216370213557839,0.2,0.0,10
2024-11-21,0.125,0.3535533905932738,0.125,0.0,8
2024-11-22,0.0,0.0,0.0,0.0,9
2024-11-23,0.0,0.0,0.0,0.0,4
2024-11-24,-0.2,0.4472135954999579,0.0,0.2,5
2024-11-25,0.0,0.3651483716701107,0.0625,0.0625,16
2024-11-26,0.0,0.0,0.0,0.0,8
2024-11-27,0.2,0.4472135954999579,0.2,0.0,5
2024-11-28,-0.14285714285714285,0.37796447300922725,0.0,0.14285714285714285,7
2024-11-29,0.0,0.0,0.0,0.0,24
2024-11-30,-0.08433734939759036,0.32024454364493404,0.012048192771084338,0.0963855421686747,83
2024-12-15,-0.16666666666666666,0.408248290463863,0.0,0.16666666666666666,6
2024-12-16,0.0,0.0,0.0,0.0,4
2024-12-17,0.0,0.0,0.0,0.0,9
2024-12-18,-0.3333333333333333,0.5773502691896258,0.0,0.3333333333333333,3
2024-12-19,-0.2857142857142857,0.46880723093849547,0.0,0.2857142857142857,14
2024-12-20,-0.2,0.4472135954999579,0.0,0.2,5
2024-12-21,0.0,0.0,0.0,0.0,2
2024-12-22,0.0,0.0,0.0,0.0,4
2024-12-23,0.0,0.0,0.0,0.0,4
2024-12-24,-0.16666666666666666,0.408248290463863,0.0,0.16666666666666666,6
2024-12-25,0.0,0.0,0.0,0.0,4
2024-12-26,0.0,0.6324555320336759,0.16666666666666666,0.16666666666666666,6
2024-12-27,0.0,0.0,0.0,0.0,3
2024-12-28,0.14285714285714285,0.37796447300922725,0.14285714285714285,0.0,7
2024-12-29,0.0,0.0,0.0,0.0,7
2024-12-30,0.0,0.0,0.0,0.0,15
2024-12-31,-0.039603960396039604,0.28002828711428135,0.019801980198019802,0.0594059405940594,101
